subject_term,expected_category
20-minute makeover,Business & Economy
25 year club,City Employment
3-1-1,Service Requests & Nuisance Complaints
311,Service Requests & Nuisance Complaints
311 calls,Service Requests & Nuisance Complaints
9-1-1,Public Safety
911,Public Safety
911 calls,Public Safety
AIDS,Public Health
Canadian National Exhibition,"Arts, Culture & Events"
Exhibition Place,"Arts, Culture & Events"
First Nations,Equity
HIV,Public Health
HIV/AIDS,Public Health
Master Plans,Urban Planning & Zoning
Municipal Land Transfer Tax,"Budget, Taxes & Finance"
Official Plans,Urban Planning & Zoning
Secondary Plans,Urban Planning & Zoning
Toronto Transit Commission,Public Transportation
aboriginal community,Equity
aboriginal peoples,Equity
aboriginal services,Equity
aboriginals,Equity
abuse,Public Health
access requests,Information & Libraries
access toronto,Information & Libraries
accessibility,Accessibility
accessibility legislation,Accessibility
accessibility standards,Accessibility
accessible parking permits,Accessibility
accessible parking spaces,Accessibility
accessible permit parking,Accessibility
accessible public transportation,Accessibility
accessible taxicabs,Accessibility
accessible transit,Accessibility
accessible transit service,Accessibility
accessory apartments,Urban Planning & Zoning
accidental spills,Climate
accommodation providers,Housing & Homelessness
accommodation services,Housing & Homelessness
accountability,Governance & City Hall
accounts,"Budget, Taxes & Finance"
accounts payable,"Budget, Taxes & Finance"
accounts receivable,"Budget, Taxes & Finance"
acquired immunodeficiency syndrome,Public Health
actions of government,Urban Planning & Zoning
activities in business and industry,Business & Economy
activities in community and life,Community & People
activities in culture,"Arts, Culture & Events"
activities in employment and labour,Business & Economy
activities in environment,Climate
activities in finance,"Budget, Taxes & Finance"
activities in government,Governance & City Hall
activities in health,Public Health
activities in information and communication,Information & Libraries
activities in law,Urban Planning & Zoning
activities in management,Urban Planning & Zoning
activities in planning and development,Urban Planning & Zoning
activities in property,Urban Planning & Zoning
activities in public safety and protection,Public Safety
activities in science and technology,Business & Economy
activities in transportation,Public Transportation
acts,Urban Planning & Zoning
ad hoc committees,Governance & City Hall
additional disclosure,Information & Libraries
addresses,Urban Planning & Zoning
adjudication,Governance & City Hall
administration,Governance & City Hall
administrative districts,Governance & City Hall
administrative fees,"Budget, Taxes & Finance"
administrative structure,Governance & City Hall
admission fees,"Budget, Taxes & Finance"
admission prices,"Budget, Taxes & Finance"
adolescents,Children & Youth
adopt-a-bin,Waste Management
adoption,Children & Youth
adult and community education,Community & People
adult basic skills,Community & People
adult education,Community & People
adult learning,Community & People
advanced green,Traffic
adventure playgrounds,Sports & Recreation
advertising,Business & Economy
advisory committees,Community & People
advisory groups,Community & People
aed,Public Safety
affordable homes,Housing & Homelessness
affordable housing,Housing & Homelessness
agendas,Governance & City Hall
agreements,Governance & City Hall
agriculture,Business & Economy
air pollution,Climate
air pollution index,Climate
air quality,Climate
air quality health index,Climate
air quality index,Climate
air quality indicators,Climate
airports,Construction & Infrastructure
airs (rinks),Sports & Recreation
alcohol abuse,Public Health
alcohol permits,Governance & City Hall
aldermen,Governance & City Hall
alderwomen,Governance & City Hall
alive and well letters,Public Health
all-way stop controls,Traffic
alternative energy,Climate
alternative fuel vehicles,Climate
alternative housing,Housing & Homelessness
amber light phase,Traffic
ambulance stations,Public Safety
ambulances,Public Safety
amendments,Urban Planning & Zoning
amplified music,"Arts, Culture & Events"
amusement parks,"Arts, Culture & Events"
anchoring,Urban Planning & Zoning
and tolls,"Budget, Taxes & Finance"
animal bites,Pets
animal control,Animals & Wildlife
animal licences,Pets
animal licenses,Pets
animal protection,Animals & Wildlife
animal registration,Pets
animal services,Animals & Wildlife
animal shelters,Pets
animal welfare,Animals & Wildlife
animals,Animals & Wildlife
annual financial reports,Governance & City Hall
annual report cards,Governance & City Hall
annual reports,Governance & City Hall
anonymous crime reporting,Public Safety
anti-racism,Equity
aoda,Accessibility
apartment neighbourhoods,Urban Planning & Zoning
apartments,Urban Planning & Zoning
appeals,Urban Planning & Zoning
appear before committee,Governance & City Hall
appearing before committee,Governance & City Hall
application process,Governance & City Hall
aquafit,Sports & Recreation
aquatic centres,Sports & Recreation
aquatics,Sports & Recreation
arbitration,Governance & City Hall
archaeological digs,Urban Planning & Zoning
archaeological sites,Urban Planning & Zoning
architects,Urban Planning & Zoning
architecture,Urban Planning & Zoning
archives,Information & Libraries
archives (records),Information & Libraries
arenas,Sports & Recreation
arrears,"Budget, Taxes & Finance"
art centres,"Arts, Culture & Events"
art classes,"Arts, Culture & Events"
art councils,"Arts, Culture & Events"
art facilities,"Arts, Culture & Events"
art galleries (facilities),"Arts, Culture & Events"
art organizations,"Arts, Culture & Events"
art programs,"Arts, Culture & Events"
art workshops,"Arts, Culture & Events"
arterial corridors,Traffic
arts and culture,"Arts, Culture & Events"
arts and culture organizations,"Arts, Culture & Events"
arts centres,"Arts, Culture & Events"
arts councils,"Arts, Culture & Events"
arts groups,"Arts, Culture & Events"
arts programs,"Arts, Culture & Events"
ash trees,Parks & Green Spaces
assault,Public Safety
assessment,Urban Planning & Zoning
asset disposal,Governance & City Hall
assets,Construction & Infrastructure
assumption of services,Public Health
at risk neighbourhoods,Community & People
at risk youth,Children & Youth
athletes,Sports & Recreation
atmospheric phenomena,Climate
attractions,"Arts, Culture & Events"
attributes in culture,"Arts, Culture & Events"
attributes in environment,Climate
attributes in finance,"Budget, Taxes & Finance"
attributes in property,Urban Planning & Zoning
attributes in public safety and protection,Public Safety
attributes in transportation,Public Transportation
audiologists,Public Health
auditorium,"Arts, Culture & Events"
auditors,"Budget, Taxes & Finance"
audits,"Budget, Taxes & Finance"
automated external defibrillator,Public Health
automobile body repair shops,Business & Economy
automobile collisions,Public Safety
automobiles,Traffic
avenue study,Urban Planning & Zoning
awards,"Arts, Culture & Events"
back alleys,Urban Planning & Zoning
bad smell,Service Requests & Nuisance Complaints
badminton clubs,Sports & Recreation
bailiffs,Governance & City Hall
bake shops,Business & Economy
ball diamonds,Sports & Recreation
ball hockey,Sports & Recreation
bank holidays,Governance & City Hall
barnes dance,"Arts, Culture & Events"
barrier-free design,Accessibility
baseball,Sports & Recreation
baseball associations,Sports & Recreation
baseball diamonds,Sports & Recreation
baseball fields,Sports & Recreation
baseball leagues,Sports & Recreation
basement apartments,Urban Planning & Zoning
basement flood cleanup,Water & Sewers
basement flooding,Water & Sewers
basement flooding response,Water & Sewers
basement floor drain traps,Water & Sewers
basketball,Sports & Recreation
bathing pavilions,Sports & Recreation
bathrooms,Public Health
bats,Animals & Wildlife
beaches,Parks & Green Spaces
beautification projects,Urban Planning & Zoning
below market rent,Housing & Homelessness
below market rent space,Housing & Homelessness
below market space,Urban Planning & Zoning
bequest,Governance & City Hall
bia,Business & Economy
bicycle facilities,Biking
bicycle lanes,Biking
bicycle lending,Biking
bicycle parking,Biking
bicycle parking equipment,Biking
bicycle paths,Biking
bicycle rentals,Biking
bicycle routes,Biking
bicycle sharing,Biking
bicycle trails,Biking
bicycles,Biking
bicycling,Biking
bids,Construction & Infrastructure
bike lanes,Biking
bike parking,Biking
bike paths,Biking
bike rentals,Biking
bike routes,Biking
bike sharing,Biking
bike trails,Biking
bikes,Biking
bikeshare,Biking
bikeway networks,Biking
bikeway routes,Biking
bikeways,Biking
bilingual status,Governance & City Hall
bilingualism,Governance & City Hall
billboard permits,Governance & City Hall
billiard halls,Sports & Recreation
biomedical and biotechnology cluster,Business & Economy
biomedical industry,Business & Economy
biosolids,Waste Management
biosolids management,Waste Management
biotech,Business & Economy
biotechnology industry,Business & Economy
bird-friendly development guidelines,Urban Planning & Zoning
birds,Animals & Wildlife
birth control,Public Health
bisexual and transgendered,Equity
blackouts,Toronto Hydro & Utilities
blue bin materials,Waste Management
blue bins,Waste Management
blue boxes,Waste Management
board members,Governance & City Hall
board of trade,Business & Economy
board-run community centres,Sports & Recreation
boarding houses,Housing & Homelessness
boards of governors,Governance & City Hall
boards of health,Public Health
boards of management,Governance & City Hall
boards of trade,Business & Economy
boat docks,Sports & Recreation
boat facilities,Sports & Recreation
boat launching,Sports & Recreation
boat moorings,Sports & Recreation
boat rentals,Sports & Recreation
boat slips,Sports & Recreation
boating,Sports & Recreation
boating clubs,Sports & Recreation
boating facilities,Sports & Recreation
boats,Sports & Recreation
bobcats,Animals & Wildlife
bodysafe,Public Health
boilers,Toronto Hydro & Utilities
bollards,Construction & Infrastructure
book awards,"Arts, Culture & Events"
boroughs,Urban Planning & Zoning
botanical gardens,Parks & Green Spaces
botanical plant collection,Parks & Green Spaces
botanical resources,Parks & Green Spaces
boulevard cafes,Business & Economy
boulevard maintenance,Construction & Infrastructure
boulevard patios (restaurants),Business & Economy
boulevard permits,Urban Planning & Zoning
boulevard vending,Urban Planning & Zoning
bowling clubs,Sports & Recreation
branches,Information & Libraries
branding,"Arts, Culture & Events"
break-in,Public Safety
breakaway camps,Children & Youth
bridge construction,Construction & Infrastructure
bridge maintenance,Construction & Infrastructure
bridge reconstruction,Construction & Infrastructure
bridge rehabilitation,Construction & Infrastructure
bridge repair,Construction & Infrastructure
bridges,Construction & Infrastructure
brochures,Information & Libraries
broken concrete,Construction & Infrastructure
brownfields remediation,Urban Planning & Zoning
brownouts,Toronto Hydro & Utilities
budgets,"Budget, Taxes & Finance"
budgets and accounts,"Budget, Taxes & Finance"
build toronto,Urban Planning & Zoning
builders,Construction & Infrastructure
building,Construction & Infrastructure
building codes,Construction & Infrastructure
building components and systems,Construction & Infrastructure
building designers,Construction & Infrastructure
building evacuation plans,Public Safety
building inspection,Construction & Infrastructure
building inspectors,Construction & Infrastructure
building lighting,Construction & Infrastructure
building materials,Construction & Infrastructure
building owners,Urban Planning & Zoning
building permits,Construction & Infrastructure
building plans,Construction & Infrastructure
building records,Construction & Infrastructure
building renewals,Construction & Infrastructure
building retrofits,Construction & Infrastructure
building supplies,Construction & Infrastructure
buildings,Construction & Infrastructure
buildings by function,Urban Planning & Zoning
buildings by height,Urban Planning & Zoning
bulky plastics (waste),Waste Management
burger shops,Business & Economy
burglary,Public Safety
burning brush,Public Safety
burning garbage,Public Safety
burning leaves,Public Safety
bus lines,Public Transportation
bus routes,Public Transportation
bus schedules,Public Transportation
bus shelter advertising,Public Transportation
bus shelters,Public Transportation
bus stations,Public Transportation
bus stops,Public Transportation
bus terminals,Public Transportation
buses,Public Transportation
buses (motorcoaches),Public Transportation
business & industry (sc),Business & Economy
business associations,Business & Economy
business continuity plans,Business & Economy
business development,Business & Economy
business hours,Business & Economy
business improvement areas,Business & Economy
business improvement associations,Business & Economy
business incentives,Business & Economy
business licences,Business & Economy
business licensing,Business & Economy
business opportunities,Business & Economy
business permits,Business & Economy
business retention,Business & Economy
business services,Business & Economy
business services industry,Business & Economy
business travel (municipal),Public Transportation
businesses,Business & Economy
businessmen,Business & Economy
busker permits,"Arts, Culture & Events"
buying,Business & Economy
by elections,Governance & City Hall
by-elections,Governance & City Hall
by-laws,Governance & City Hall
byelections,Governance & City Hall
bylaw passing,Governance & City Hall
bylaw procedures,Governance & City Hall
bylaws,Governance & City Hall
cabs,Traffic
call before you dig,Urban Planning & Zoning
call centres,Governance & City Hall
cameras,Traffic
campaign finance reform,Governance & City Hall
camps,Children & Youth
cancer,Public Health
candidates,Governance & City Hall
capital budgets,"Budget, Taxes & Finance"
car accidents,Public Health
car crashes,Public Health
car pooling,Traffic
car pools,Traffic
car sharing,Traffic
car-pooling,Traffic
careers,Business & Economy
carpooling,Traffic
carpools,Traffic
cars,Traffic
casinos,Business & Economy
cat licences,Pets
cat licenses,Pets
cat registration,Pets
catch basins,Water & Sewers
catch-basins,Water & Sewers
catchbasins,Water & Sewers
census,Governance & City Hall
centre lines (pavement markings),Construction & Infrastructure
ceremonial,"Arts, Culture & Events"
ceremonies,"Arts, Culture & Events"
certificate of identity,Governance & City Hall
chamber of commerce,Business & Economy
chambers of commerce,Business & Economy
championships,Sports & Recreation
change of name,Governance & City Hall
charitable organizations,Community & People
charities,Community & People
charity,Community & People
chemical spills,Public Safety
chess clubs,Sports & Recreation
chess leagues,Sports & Recreation
chickens,Animals & Wildlife
child,Children & Youth
child care,Children & Youth
child care agencies,Children & Youth
child care centres,Children & Youth
child care facilities,Children & Youth
childcare,Children & Youth
children,Children & Youth
chimineas,Public Safety
chlorination,Water & Sewers
chlorine,Water & Sewers
churches,Community & People
cinema industry,Business & Economy
circles (roads),Traffic
circuits (roads),Traffic
cities,Urban Planning & Zoning
citizen participation,Community & People
city buses,Public Transportation
city councellors,Governance & City Hall
city council priorities,Governance & City Hall
city council structure,Governance & City Hall
city councillors,Governance & City Hall
city driver,Public Transportation
city drivers,Public Transportation
city flag,"Arts, Culture & Events"
city governments,Governance & City Hall
city halls,Governance & City Hall
city officials,Governance & City Hall
city owned properties,Governance & City Hall
city owned trees,Parks & Green Spaces
city planning,Urban Planning & Zoning
city properties,Urban Planning & Zoning
city services,Governance & City Hall
city twinning,Governance & City Hall
city-operated sports facilities,Sports & Recreation
city-owned properties,Governance & City Hall
city-owned trees,Parks & Green Spaces
city-to-city relationships,Governance & City Hall
civic awards,"Arts, Culture & Events"
civic centre ice rinks,Sports & Recreation
civic engagement,Community & People
civic improvements,Community & People
civic participation,Community & People
civic squares,"Arts, Culture & Events"
clean & beautiful city,Climate
clean and beautiful city,Climate
clean city beautiful city,Climate
climate,Climate
climate change,Climate
climate control systems,Climate
climate protection,Climate
clothes donation boxes,Waste Management
clothing bins,Waste Management
clothing drop boxes,"Arts, Culture & Events"
clubhouses,Sports & Recreation
cne,"Arts, Culture & Events"
co-op housing,Housing & Homelessness
co-operative housing,Housing & Homelessness
coach lines,Public Transportation
coach terminals,Public Transportation
coaches (buses),Public Transportation
coaches (vehicles),Public Transportation
coats of arms,"Arts, Culture & Events"
code of conduct,Governance & City Hall
codes of behaviour,Governance & City Hall
codes of conduct,Governance & City Hall
coffee shops,Business & Economy
coin-operated laundries,Business & Economy
cold alerts,Public Health
colds,Public Health
collection routes,Waste Management
collective agreements,City Employment
collective bargaining,City Employment
college education,Community & People
colleges,Governance & City Hall
collisions,Public Safety
combined sewer systems,Water & Sewers
commemorative benches,"Arts, Culture & Events"
commemorative trees,"Arts, Culture & Events"
commercial areas,Business & Economy
commercial districts,Urban Planning & Zoning
commercial facade improvement program,Urban Planning & Zoning
commercial festivals and special events program,"Arts, Culture & Events"
commercial garbage,Waste Management
commercial properties,Business & Economy
commercial research program,Business & Economy
commercial tenants,Business & Economy
commercial waste,Waste Management
commercial waste collection customers,Waste Management
commercial xpress service,Business & Economy
committee meetings,Governance & City Hall
committee of adjustment,Urban Planning & Zoning
committee structure,Governance & City Hall
committees of adjustment,Urban Planning & Zoning
committees of council,Governance & City Hall
common cold,Public Health
communicable disease control,Public Health
communicable diseases,Public Health
communicating,Information & Libraries
communication,Information & Libraries
communications,Information & Libraries
community & life (sc),Community & People
community advisory councils,Community & People
community associations,Community & People
community benefits,Community & People
community building,Community & People
community capacity building,Community & People
community centers,Sports & Recreation
community centres,Sports & Recreation
community clean-up days,Climate
community complexes,Sports & Recreation
community consultation,Community & People
community council boundaries,Community & People
community councils,Community & People
community crisis response,Public Safety
community development,Urban Planning & Zoning
community education,Children & Youth
community engagement,Community & People
community events,"Arts, Culture & Events"
community festivals,"Arts, Culture & Events"
community gardens,Parks & Green Spaces
community grant allocations,Governance & City Hall
community housing,Housing & Homelessness
community housing corporations,Housing & Homelessness
community improvement plans,Community & People
community involvement,Community & People
community outreach,Community & People
community panels,Community & People
community participation,Community & People
community partners,Community & People
community planning,Urban Planning & Zoning
community service volunteers awards,Community & People
commuter rail systems,Public Transportation
complaints,Service Requests & Nuisance Complaints
concerts,"Arts, Culture & Events"
concrete,Construction & Infrastructure
condominium housing,Urban Planning & Zoning
condominiums,Urban Planning & Zoning
condos,Urban Planning & Zoning
congestion,Traffic
conservation,Climate
conservation areas,Urban Planning & Zoning
conservation authorities,Urban Planning & Zoning
conservation organizations,Urban Planning & Zoning
constituencies,Governance & City Hall
construction,Construction & Infrastructure
construction deposits,Construction & Infrastructure
construction noise,Service Requests & Nuisance Complaints
construction permits (right-of-way),Construction & Infrastructure
construction waste,Waste Management
contact lenses,Public Health
contamination,Climate
continuing education,Community & People
continuous learning,Community & People
contraception,Public Health
contractors,Construction & Infrastructure
contracts,Construction & Infrastructure
control of infectious disease,Public Health
controlled intersections,Traffic
controller units,Traffic
convenience stores,Business & Economy
convention centers,Business & Economy
convention centres,Business & Economy
coop housing,Housing & Homelessness
cooperative housing,Housing & Homelessness
coordination of traffic signals,Traffic
corporate bodies,Business & Economy
corporate campaigns,Business & Economy
corporations,Business & Economy
council committee structure,Governance & City Hall
council committees,Governance & City Hall
council decisions,Governance & City Hall
council items,Governance & City Hall
council meetings,Governance & City Hall
council members,Governance & City Hall
council priorities,Governance & City Hall
council procedures,Governance & City Hall
council reference groups,Governance & City Hall
council structure,Governance & City Hall
council-committee structure,Governance & City Hall
councillors,Governance & City Hall
councilors,Governance & City Hall
coyotes,Animals & Wildlife
crack repairs,Construction & Infrastructure
craft workshops,"Arts, Culture & Events"
crafts,"Arts, Culture & Events"
crashes,Public Safety
crescents (roads),Urban Planning & Zoning
cricket,Sports & Recreation
crime,Public Safety
crime prevention,Public Safety
crime reporting,Public Safety
crime stoppers,Public Safety
crime tips,Public Safety
cross-country ski clubs,Sports & Recreation
cross-country skiing,Sports & Recreation
cross-walks,Urban Planning & Zoning
cul-de-sacs,Urban Planning & Zoning
cultural attractions,"Arts, Culture & Events"
cultural centres,"Arts, Culture & Events"
cultural events,"Arts, Culture & Events"
cultural facilities,"Arts, Culture & Events"
cultural neighbourhoods,"Arts, Culture & Events"
cultural organizations,"Arts, Culture & Events"
culture (sc),"Arts, Culture & Events"
culverts,Water & Sewers
curb cut permits,Urban Planning & Zoning
curb extensions,Urban Planning & Zoning
curb lane vending,Urban Planning & Zoning
curbs,Construction & Infrastructure
curbside garbage collection,Waste Management
curling clubs,Sports & Recreation
cut repairs,Construction & Infrastructure
cycling,Biking
cycling accidents,Biking
cycling maps,Biking
cycling paths,Biking
cycling routes,Biking
cycling trails,Biking
cyclists,Biking
dance clubs,"Arts, Culture & Events"
dance halls,"Arts, Culture & Events"
databases,Information & Libraries
day camps,Children & Youth
day cares,Children & Youth
day nurseries,Children & Youth
de-icing,Public Transportation
dead birds,Animals & Wildlife
debt,"Budget, Taxes & Finance"
decision-making,Governance & City Hall
decisions (council),Governance & City Hall
deer,Animals & Wildlife
delegation of authority,Governance & City Hall
delicatessens,Business & Economy
demolitions,Construction & Infrastructure
dental care,Public Health
dental clinics,Public Health
dental screening,Public Health
dental services,Public Health
dental work,Public Health
dentist,Public Health
dentistry,Public Health
dentists,Public Health
deputations,Governance & City Hall
design,Urban Planning & Zoning
design cluster,Urban Planning & Zoning
design industry,Business & Economy
designated disabled parking spaces,Accessibility
designated heritage properties,Urban Planning & Zoning
designers,"Arts, Culture & Events"
developers,Urban Planning & Zoning
developing land,Urban Planning & Zoning
development,Urban Planning & Zoning
development (land),Urban Planning & Zoning
development applications,Urban Planning & Zoning
development approval application fees,Urban Planning & Zoning
development approval applications,Urban Planning & Zoning
development approvals,Urban Planning & Zoning
development charges,"Budget, Taxes & Finance"
development control,Urban Planning & Zoning
development controlled land,Urban Planning & Zoning
development review process,Urban Planning & Zoning
development reviews,Urban Planning & Zoning
diamond lanes,Traffic
digital libraries,Information & Libraries
digital resources,Information & Libraries
dining,Business & Economy
disability support,Accessibility
disabled,Accessibility
disabled parking permits,Accessibility
disabled parking spaces,Accessibility
disabled parking spots,Accessibility
disabled permit parking,Accessibility
disabled person parking permits,Accessibility
disabled persons,Accessibility
disaster planning,Public Safety
disaster supply kits,Public Safety
disasters,Public Safety
disclosure,Information & Libraries
discrimination,Equity
disease outbreaks,Public Health
diseases,Public Health
diseases by transmission,Public Health
distribution watermains,Water & Sewers
district energy systems,Toronto Hydro & Utilities
district representatives,Governance & City Hall
ditches,Construction & Infrastructure
divisions,Urban Planning & Zoning
doctors,Public Health
documents,Information & Libraries
dog bites,Pets
dog licences,Pets
dog licenses,Pets
dog off-leash areas,Parks & Green Spaces
dog parks,Parks & Green Spaces
dog tags,Pets
dogs,Pets
dogs off leash parks,Parks & Green Spaces
dogs off-leash parks,Parks & Green Spaces
domestic animals,Pets
domestic violence,Public Safety
donut shops,Business & Economy
downhill skiing,Sports & Recreation
downtown cores,Urban Planning & Zoning
downtowns,Urban Planning & Zoning
draft by-laws,Governance & City Hall
draft bylaws,Governance & City Hall
drains,Water & Sewers
drawings,Urban Planning & Zoning
drinking water,Water & Sewers
drinking water standards,Water & Sewers
drive clean tests,Climate
drivers,Traffic
driveway paving permits,Governance & City Hall
driveway resurfacing permits,Governance & City Hall
driveway widening permits,Governance & City Hall
driving,Traffic
drop off zones,Urban Planning & Zoning
drop-in swimming,Sports & Recreation
drug abuse,Public Health
drug addiction,Public Health
drug stores,Business & Economy
ducks,Animals & Wildlife
dumping,Waste Management
dumps,Waste Management
dwellings,Urban Planning & Zoning
e-bikes,Biking
early childhood education,Children & Youth
early education,Children & Youth
earth,Climate
easements,Urban Planning & Zoning
eating establishments,Business & Economy
eating places,Business & Economy
ece,Children & Youth
ecological assessment,Climate
ecological footprint,Climate
ecology,Climate
economic development,Business & Economy
economic development corporations,Business & Economy
economic indicators,Business & Economy
economy,Business & Economy
ecosystems,Climate
education (sc),Children & Youth
education taxes,"Budget, Taxes & Finance"
educational institutions,Community & People
elderly,Seniors & Aging
elected officials,Governance & City Hall
elected representatives,Governance & City Hall
election results,Governance & City Hall
election signs,Governance & City Hall
elections,Governance & City Hall
electoral districts,Governance & City Hall
electoral reform,Governance & City Hall
electric bicycles,Biking
electric bikes,Biking
electric bills,Toronto Hydro & Utilities
electric distribution utilities,Toronto Hydro & Utilities
electric power,Toronto Hydro & Utilities
electric power failures,Toronto Hydro & Utilities
electric scooters,Accessibility
electric wheelchairs,Accessibility
electricity,Toronto Hydro & Utilities
electricity bills,Toronto Hydro & Utilities
electricity distribution utilities,Toronto Hydro & Utilities
electricity generation utilities,Toronto Hydro & Utilities
electricity retailers,Toronto Hydro & Utilities
electricity usage,Toronto Hydro & Utilities
emergency assistance,Public Safety
emergency communication,Information & Libraries
emergency housing,Housing & Homelessness
emergency management,Public Safety
emergency medical plans,Public Health
emergency medical services,Public Health
emergency medical services stations,Public Health
emergency plans,Public Safety
emergency procedures,Public Safety
emergency response,Public Safety
emergency services,Public Safety
emergency shelters,Housing & Homelessness
emergency supply kits,Public Health
emergency vehicles,Public Safety
employee awards,City Employment
employee communication,City Employment
employee development,City Employment
employee discounts,City Employment
employee exit,City Employment
employee orientation,City Employment
employee recognition,City Employment
employee relations,City Employment
employee training,City Employment
employees,City Employment
employment,City Employment
employment area revitalization,Urban Planning & Zoning
employment areas,Business & Economy
employment districts,Urban Planning & Zoning
employment equity,Equity
employment opportunities,Business & Economy
employment revitalization areas,Urban Planning & Zoning
employment termination,City Employment
employment zones,Urban Planning & Zoning
ems,Public Safety
energy,Toronto Hydro & Utilities
energy costs,Toronto Hydro & Utilities
energy efficiency,Toronto Hydro & Utilities
energy infrastructure,Toronto Hydro & Utilities
energy management equipment,Toronto Hydro & Utilities
energy resources,Toronto Hydro & Utilities
energy retrofits,Toronto Hydro & Utilities
energy use,Toronto Hydro & Utilities
enterprisers,Business & Economy
entertainment,"Arts, Culture & Events"
entertainment establishments,"Arts, Culture & Events"
entertainment facilities,"Arts, Culture & Events"
entrepreneurs,Business & Economy
entry prohibitions (traffic),Traffic
environment,Climate
environment (sc),Climate
environmental conditions,Climate
environmental conservation,Climate
environmental effects,Climate
environmental equipment,Climate
environmental evaluation,Climate
environmental events,Climate
environmental footprint,Climate
environmental health,Climate
environmental impact,Climate
environmental impacts,Climate
environmental improvements,Climate
environmental initiatives,Climate
environmental legislation,Climate
environmental management,Climate
environmental organizations,Climate
environmental plans,Climate
environmental policies,Climate
environmental policy,Climate
environmental programs,Climate
environmental projects,Climate
environmental protection,Climate
environmental quality,Climate
environmental reporting,Climate
environmental sensitivity,Climate
environmental spills,Climate
environmental standards,Climate
environmental stewardship,Climate
environmental sustainability,Climate
environmentally sensitive areas,Climate
epidemics,Public Health
equipment rentals,Sports & Recreation
equity,Equity
ethics,Governance & City Hall
ethnicity,Equity
event booking,"Arts, Culture & Events"
event space booking,"Arts, Culture & Events"
events,"Arts, Culture & Events"
events in community and life,"Arts, Culture & Events"
events in culture,"Arts, Culture & Events"
events in finance,"Budget, Taxes & Finance"
events in government,Governance & City Hall
eviction,Housing & Homelessness
excavation,Construction & Infrastructure
exceptions,Urban Planning & Zoning
executive committees,Governance & City Hall
exemptions,Urban Planning & Zoning
exercise,Sports & Recreation
exercise trails,Sports & Recreation
exhibitions,"Arts, Culture & Events"
exhibitors,"Arts, Culture & Events"
exhibits,"Arts, Culture & Events"
expenses,"Budget, Taxes & Finance"
exports,Business & Economy
express bus routes,Public Transportation
express routes,Public Transportation
expressways,Public Transportation
expropriations,Governance & City Hall
extreme cold alerts,Public Health
extreme cold weather alerts,Public Health
extreme heat alerts,Public Health
eye care,Public Health
eye glasses,Public Health
eyeglasses,Public Health
eyewear,Public Health
facade improvement,Construction & Infrastructure
facilities for boaters,Sports & Recreation
facilities for boats,Sports & Recreation
facilities rental,Sports & Recreation
facility rental,Sports & Recreation
fair wage,Equity
faith based groups,Community & People
faith communities,Community & People
faith groups,Community & People
families,Children & Youth
family planning,Public Health
fares,Public Transportation
farm animals,Animals & Wildlife
fast food outlets,Business & Economy
fauna,Parks & Green Spaces
federal governments,Governance & City Hall
federal-municipal relations,Governance & City Hall
feedback,Governance & City Hall
fees,"Budget, Taxes & Finance"
ferries,Public Transportation
ferry boat schedules,Public Transportation
ferry boats,Public Transportation
ferry tickets,Public Transportation
ferryboats,Public Transportation
festivals,"Arts, Culture & Events"
festivals and special events,"Arts, Culture & Events"
film and television cluster,Business & Economy
film and television industry,Business & Economy
film permits,Business & Economy
film production,Business & Economy
film shoots,Business & Economy
filming,Business & Economy
filming permits,Business & Economy
filtration plants,Water & Sewers
finance (sc),"Budget, Taxes & Finance"
financial assistance,"Budget, Taxes & Finance"
financial services industry,Business & Economy
financial services sector,Business & Economy
financial subsidy,Business & Economy
financial write offs,Business & Economy
financial write-offs,Business & Economy
financing,Business & Economy
fines,Business & Economy
fire access routes,Public Safety
fire alarms,Public Safety
fire and rescue services,Public Safety
fire escape plans,Public Safety
fire exits,Public Safety
fire extinguishers,Public Safety
fire fighters,Public Safety
fire fighting,Public Safety
fire hazards,Public Safety
fire hoses,Public Safety
fire hydrants,Public Safety
fire routes,Public Safety
fire services,Public Safety
fire stations,Public Safety
fire suppression,Public Safety
fire trucks,Public Safety
firecrackers,"Arts, Culture & Events"
firefighters,Public Safety
firefighting,Public Safety
firehalls,Public Safety
fires,Public Safety
fireworks,"Arts, Culture & Events"
fish and chips shops,"Budget, Taxes & Finance"
fitness trails,Sports & Recreation
fixed time signals,Traffic
fixed-time controllers,Traffic
fixing potholes,Construction & Infrastructure
flags,"Arts, Culture & Events"
flood damage,Water & Sewers
flood damages,Water & Sewers
flood-prevention devices,Water & Sewers
flood-related damage,Water & Sewers
flooding,Climate
floods,Climate
floor drain traps,Water & Sewers
floor drains,Water & Sewers
flora,Parks & Green Spaces
flu shots,Public Health
flu virus,Public Health
flus,Public Health
foi requests,Information & Libraries
food and beverage cluster,Business & Economy
food and beverage industry,Business & Economy
food and beverage sector,Business & Economy
food banks,Community & People
food business,Business & Economy
food carts,Business & Economy
food containers (waste),Waste Management
food festivals,"Arts, Culture & Events"
food handling,Business & Economy
food industry,Business & Economy
food service establishments,Business & Economy
food vending carts,Business & Economy
foodshare,Community & People
footbridges,Construction & Infrastructure
footpaths,Parks & Green Spaces
forestry,Climate
formal gardens,Parks & Green Spaces
former municipalities,Governance & City Hall
foxes,Animals & Wildlife
freecycle network,Biking
freedom of information requests,Information & Libraries
freeways,Construction & Infrastructure
front yard parking,Urban Planning & Zoning
full closures (traffic calming),Traffic
fumes,Climate
funding,"Budget, Taxes & Finance"
fundraising,"Budget, Taxes & Finance"
garbage,Waste Management
garbage bins,Waste Management
garbage collection,Waste Management
garbage dumps,Waste Management
garbage pickup,Waste Management
garden parks,Parks & Green Spaces
garden waste,Waste Management
gardeners,Parks & Green Spaces
gardening,Parks & Green Spaces
gardens,Parks & Green Spaces
gay,Equity
gay community,Equity
geese (domestic),Animals & Wildlife
geese (wild),Animals & Wildlife
gender identity,Equity
generation stations,Toronto Hydro & Utilities
geographic data,Information & Libraries
geographic information systems,Information & Libraries
geospatial layers,Information & Libraries
geriatric,Seniors & Aging
gis,Urban Planning & Zoning
go transit,Public Transportation
go-peds,Public Transportation
goats,Animals & Wildlife
golf,Sports & Recreation
golf centers,Sports & Recreation
golf centres,Sports & Recreation
golf courses,Sports & Recreation
golf facilities,Sports & Recreation
governance,Governance & City Hall
governance structure,Governance & City Hall
government (sc),Governance & City Hall
government officials,Governance & City Hall
government services,Governance & City Hall
government symbols,Governance & City Hall
governmental relations,Governance & City Hall
graffiti vandalism,Service Requests & Nuisance Complaints
grafitti removal,Service Requests & Nuisance Complaints
granny flats,Urban Planning & Zoning
grant and subsidy programs,"Budget, Taxes & Finance"
grant programs,"Budget, Taxes & Finance"
grants,"Arts, Culture & Events"
grants programs,"Budget, Taxes & Finance"
grass and weeds,Parks & Green Spaces
grass cutting,Parks & Green Spaces
grass repairs,Parks & Green Spaces
green bin materials,Waste Management
green groups,Climate
green living,Climate
green power,Climate
green products,Climate
green rebate program,"Budget, Taxes & Finance"
green roofs,Urban Planning & Zoning
green spaces,Parks & Green Spaces
green standards,Urban Planning & Zoning
greenbelts,Urban Planning & Zoning
greenhouse effect,Climate
greenhouse gas emissions,Climate
greening,Climate
grey bins,Waste Management
grey boxes,Waste Management
gridlock,Traffic
gross floor area,Urban Planning & Zoning
ground water,Water & Sewers
grounds maintenance,Parks & Green Spaces
groundskeeping,Parks & Green Spaces
groundwater,Water & Sewers
guard rails,Urban Planning & Zoning
guardrails,Urban Planning & Zoning
guides (publications),Information & Libraries
gulls,Animals & Wildlife
gymnastic clubs,Sports & Recreation
h20 to go water trailer,"Arts, Culture & Events"
h2o to go water trailer,"Arts, Culture & Events"
handicapped parking,Accessibility
handicapped persons,Accessibility
handicapped ramps,Accessibility
harassment,Public Safety
hardball diamonds,Sports & Recreation
harm reduction,Public Health
hauled waste,Waste Management
hazardous spills,Public Safety
heads and beds,Housing & Homelessness
health,Public Health
health (sc),Public Health
health clinics,Public Health
health coverage,Public Health
health impact assessment,Public Health
health issues,Public Health
health promotion,Public Health
health treatments,Public Health
healthy eating,Public Health
hearing care,Public Health
hearings,Governance & City Hall
heat,Climate
heavy truck prohibitions,Construction & Infrastructure
heavy trucks,Construction & Infrastructure
height,Urban Planning & Zoning
height restrictions,Urban Planning & Zoning
help lines,Public Health
helplines,Public Health
heritage buildings,Urban Planning & Zoning
heritage conservation districts,Urban Planning & Zoning
heritage designation,Urban Planning & Zoning
heritage districts,Urban Planning & Zoning
heritage preservation,Urban Planning & Zoning
heritage properties,Urban Planning & Zoning
heritage sites,Urban Planning & Zoning
heritage toronto plaques,"Arts, Culture & Events"
high occupancy vehicle lanes,Traffic
high rise buildings,Urban Planning & Zoning
high risk neighbourhoods,Community & People
high risk youth,Children & Youth
highway traffic signals,Traffic
highways,Construction & Infrastructure
hiring,City Employment
hiring process,City Employment
historic areas,Urban Planning & Zoning
historic markers,Urban Planning & Zoning
historic plaques,"Arts, Culture & Events"
historic preservation,Urban Planning & Zoning
historic sites,Urban Planning & Zoning
historical preservation,Urban Planning & Zoning
historical sites,Urban Planning & Zoning
hockey,Sports & Recreation
hockey associations,Sports & Recreation
hockey leagues,Sports & Recreation
hockey rinks,Sports & Recreation
hockey skills,Sports & Recreation
holiday camps,Children & Youth
holiday closures,Governance & City Hall
holidays,"Arts, Culture & Events"
home care agencies,Seniors & Aging
home child care providers,Children & Youth
homeless,Housing & Homelessness
homeless encampments,Housing & Homelessness
homeless individuals,Housing & Homelessness
homeless needs assessment,Housing & Homelessness
homeless shelters,Housing & Homelessness
homelessness,Housing & Homelessness
homes,Housing & Homelessness
homes for the aged,Seniors & Aging
homosexual,Equity
horseback riding,Sports & Recreation
horses,Animals & Wildlife
horticulturalists,Parks & Green Spaces
horticulture,Parks & Green Spaces
hospitals,Public Health
hostels (homeless),Housing & Homelessness
hot dog carts,Business & Economy
hotels,Business & Economy
hotlines,Public Health
household garbage,Waste Management
household waste,Waste Management
housing allowance,Housing & Homelessness
housing by function,Urban Planning & Zoning
housing by physical form,Urban Planning & Zoning
housing projects,Housing & Homelessness
housing providers,Housing & Homelessness
housing services,Housing & Homelessness
hov lanes,Traffic
hto to go water trailer,"Arts, Culture & Events"
htotogo water trailers,Public Health
human immunodeficiency virus,Public Health
human resources,City Employment
human rights,Equity
humane society,Pets
hybrid vehicles,Climate
hydrants,Climate
hydro accounts,Toronto Hydro & Utilities
hydro bills,Toronto Hydro & Utilities
hydro corridors,Toronto Hydro & Utilities
hydro meters,Toronto Hydro & Utilities
hydro poles,Toronto Hydro & Utilities
hydro property,Toronto Hydro & Utilities
hydro rights of way,Toronto Hydro & Utilities
hydroelectricity utilities,Toronto Hydro & Utilities
ice pads,Sports & Recreation
ice rinks,Sports & Recreation
ice surfaces,Sports & Recreation
ici waste,Waste Management
identification cards,Governance & City Hall
illegal activity,Public Safety
illegal discharges,Public Health
illegal dumping,Construction & Infrastructure
immigrants,Equity
immigration status,Equity
immunizations,Public Health
in-law suites,Urban Planning & Zoning
in-unit recycling containers,Waste Management
income assistance,Community & People
indians (native),Equity
indigenous peoples,Equity
indoor hockey rinks,Sports & Recreation
indoor ice pads,Sports & Recreation
indoor ice rinks,Sports & Recreation
indoor playgrounds,Sports & Recreation
indoor pools,Sports & Recreation
indoor rinks,Sports & Recreation
indoor skating rinks,Sports & Recreation
indoor swimming pools,Sports & Recreation
industrial areas,Urban Planning & Zoning
industrial districts,Urban Planning & Zoning
industrial properties,Urban Planning & Zoning
industrial real estate,Urban Planning & Zoning
industrial waste,Waste Management
industrial waste control,Waste Management
industries,Business & Economy
industry,Business & Economy
industry associations,Business & Economy
infection control,Public Health
infection prevention,Public Health
infectious diseases,Public Health
infill development,Urban Planning & Zoning
infill housing,Urban Planning & Zoning
influenza,Public Health
information,Information & Libraries
information & communication (sc),Information & Libraries
information and communication systems,Information & Libraries
information cards,Information & Libraries
information handling,Information & Libraries
information management,Information & Libraries
information processing,Information & Libraries
information services,Information & Libraries
infrastructure,Construction & Infrastructure
injured animals,Animals & Wildlife
inquiries,Information & Libraries
inquiry services,Information & Libraries
institutional levies,"Budget, Taxes & Finance"
institutional taxes,"Budget, Taxes & Finance"
institutional waste,Waste Management
integrated pest management,Animals & Wildlife
integrity commissioners,Governance & City Hall
inter-governmental relations,Governance & City Hall
intercity bus lines,Public Transportation
intercity bus terminals,Public Transportation
intercity buses,Public Transportation
intercity transportation,Public Transportation
intergovernmental cooperation,Governance & City Hall
intergovernmental relations,Governance & City Hall
intermodal terminals,Public Transportation
international alliances,Governance & City Hall
international event bids,"Arts, Culture & Events"
international events,"Arts, Culture & Events"
international trade,Business & Economy
interpretive trails,Parks & Green Spaces
interregional public transit systems,Public Transportation
interregional transit systems,Public Transportation
interurban transit organizations,Public Transportation
inuit,Equity
invasive plants,Parks & Green Spaces
invasive species,Parks & Green Spaces
invest toronto,Business & Economy
investment,Business & Economy
investment attraction,Business & Economy
investment marketing,Business & Economy
invoices,"Budget, Taxes & Finance"
irrigation systems,Climate
items (council),Governance & City Hall
items before council,Governance & City Hall
job applications,City Employment
job boards,City Employment
job openings,City Employment
job opportunities,City Employment
job postings,City Employment
job recall,City Employment
job sites,Construction & Infrastructure
job training and development,City Employment
job vacancies,City Employment
jobs,Business & Economy
karate clubs,"Arts, Culture & Events"
kindergartens,Children & Youth
kraft bags,"Arts, Culture & Events"
labor costs,City Employment
labor disruptions,City Employment
labor force,City Employment
labor relations,City Employment
labour costs,City Employment
labour disruptions,City Employment
labour force,City Employment
labour laws,City Employment
labour relations,City Employment
labour unions,City Employment
lacrosse clubs,Sports & Recreation
land,Urban Planning & Zoning
land acquisition,Urban Planning & Zoning
land acquisitions,Urban Planning & Zoning
land development,Urban Planning & Zoning
land owners,Urban Planning & Zoning
land sales,Urban Planning & Zoning
land severance,Urban Planning & Zoning
land surveyors,Urban Planning & Zoning
land transfer tax,"Budget, Taxes & Finance"
land use,Urban Planning & Zoning
land use designations,Urban Planning & Zoning
land vehicles by function,Urban Planning & Zoning
landfill facilities,Waste Management
landfill sites,Waste Management
landfills,Waste Management
landlords,Housing & Homelessness
landscape architecture,Urban Planning & Zoning
landscape design,Urban Planning & Zoning
landscape projects,Urban Planning & Zoning
landscapers,Parks & Green Spaces
landscaping,Parks & Green Spaces
landscaping permits (right-if way),Urban Planning & Zoning
lane lines,Biking
lane restrictions,Traffic
laneways,Urban Planning & Zoning
law,Governance & City Hall
law (sc),Governance & City Hall
lawn bowling,Sports & Recreation
lawn bowling clubs,Sports & Recreation
lawn bowling facilities,Sports & Recreation
lawn bowling greens,Sports & Recreation
lawns,Parks & Green Spaces
lay bys,Traffic
lay-bys,Traffic
laybys,Traffic
layoff,City Employment
lead (contaminant),Water & Sewers
lead in drinking water,Water & Sewers
lead in soil,Public Health
lead levels,Public Health
lead pipes,Water & Sewers
lead service pipe replacement,Water & Sewers
leaf blowers,Parks & Green Spaces
leaf vacuuming,Parks & Green Spaces
leaking oil tanks,Climate
learning opportunities for adults,Community & People
leash free areas,Parks & Green Spaces
leash free dog walking areas,Parks & Green Spaces
leash free parks,Parks & Green Spaces
leash free zones,Parks & Green Spaces
leash-free areas,Parks & Green Spaces
leash-free dog walking areas,Parks & Green Spaces
leash-free zones,Parks & Green Spaces
left turn arrow phase,Traffic
left turn phase,Traffic
legal boundary surveys,Urban Planning & Zoning
legislation,Governance & City Hall
legislative process (municipal),Governance & City Hall
leisure swim,Sports & Recreation
leisure swimming,Sports & Recreation
leisure water vehicles,Sports & Recreation
lesbian,Equity
levies,"Budget, Taxes & Finance"
lgbt,Equity
liaison committees,Community & People
libraries,Information & Libraries
library branches,Information & Libraries
life sciences sector,Business & Economy
life-science sector,Business & Economy
light pollution,Service Requests & Nuisance Complaints
light rail transit,Public Transportation
light rail vehicles,Public Transportation
lights out toronto,"Arts, Culture & Events"
limited-stop rocket services,Public Transportation
listed heritage properties,Urban Planning & Zoning
litter bins,Waste Management
litter collection,Waste Management
litter receptacles (street furniture),Waste Management
littering,Waste Management
livestock,Animals & Wildlife
loading spaces,Urban Planning & Zoning
loading zones,Urban Planning & Zoning
lobbying,Governance & City Hall
lobbyist registrars,Governance & City Hall
lobbyist registry,Governance & City Hall
lobbyists,Governance & City Hall
local government structure,Governance & City Hall
local governments,Governance & City Hall
local transit,Public Transportation
local transit authorities,Public Transportation
location filming permits,Business & Economy
locations in community and life,Urban Planning & Zoning
locations in environment,Urban Planning & Zoning
locations in health,Public Health
locations in planning and development,Urban Planning & Zoning
locations in property,Urban Planning & Zoning
locations in recreation and tourism,Sports & Recreation
locations in transportation,Public Transportation
lodging (short term),Housing & Homelessness
lodging homes,Housing & Homelessness
lodging houses,Housing & Homelessness
long grass,Parks & Green Spaces
long term care centers,Seniors & Aging
long term care centres,Seniors & Aging
long term care facilities,Seniors & Aging
long term care homes,Seniors & Aging
lost pets,Pets
loud music,Service Requests & Nuisance Complaints
low income,Housing & Homelessness
low income families,Housing & Homelessness
low income groups,Housing & Homelessness
low income households,Housing & Homelessness
low income housing,Housing & Homelessness
low income individuals,Housing & Homelessness
low income residents,Housing & Homelessness
low rise buildings,Urban Planning & Zoning
lrt,Public Transportation
main sewers,Water & Sewers
main streets,Urban Planning & Zoning
mains,Water & Sewers
major arterial roads,Public Transportation
major incident,Public Safety
mandates,Governance & City Hall
manufactured products,Business & Economy
manufacturing industry,Business & Economy
maps,Urban Planning & Zoning
marathons,Sports & Recreation
march break camps,Children & Youth
march break programs,Children & Youth
marine pollution,Climate
marine transportation,Public Transportation
maritime transport,Public Transportation
marketing,Business & Economy
marshes,Climate
mass transit,Public Transportation
master shut-off valve,Water & Sewers
material recovery facilities,Waste Management
materials in culture,"Arts, Culture & Events"
materials in management,Business & Economy
materials in public safety and protection,Public Safety
materials in transportation,Public Transportation
mattresses (waste),Waste Management
mayor,Governance & City Hall
mayors,Governance & City Hall
mechanical leaf collection,Waste Management
mechanical leaf pickup,Waste Management
media kits,Information & Libraries
media relations,Information & Libraries
medical clinics,Public Health
medical response plans,Public Health
members of council,Governance & City Hall
members of parliament,Governance & City Hall
members of provincial parliament,Governance & City Hall
members of the legislative assembly,Governance & City Hall
mental health agencies,Public Health
mental health care and counselling,Public Health
mental health centres,Public Health
metadata,Information & Libraries
meteorological conditions,Climate
methadone clinic,Public Health
methadone maintenance,Public Health
methadone treatment,Public Health
metis,Equity
metrolinx,Public Transportation
metropasses,Public Transportation
mews,Urban Planning & Zoning
mice,Animals & Wildlife
mid rise buildings,Urban Planning & Zoning
migratory birds,Animals & Wildlife
minor variances,Urban Planning & Zoning
minorities,Equity
minutes,Governance & City Hall
missing animals,Pets
missing pets,Pets
mixed use areas,Urban Planning & Zoning
mla,Governance & City Hall
mobility aids,Accessibility
mobility devices,Accessibility
mobility equipment,Accessibility
monuments,"Arts, Culture & Events"
mooring,Sports & Recreation
motions,Governance & City Hall
motor coach lines,Public Transportation
motor coaches,Public Transportation
motor vehicle traffic,Traffic
motor vehicles,Traffic
motorcoach lines,Public Transportation
motorcoaches,Public Transportation
motorized traffic,Traffic
motorways,Traffic
mottoes,"Arts, Culture & Events"
mottos,"Arts, Culture & Events"
movie industry,Business & Economy
moving businesses,Business & Economy
mp,Governance & City Hall
mpp,Governance & City Hall
multi faith,Community & People
multi residential apartment buildings,Urban Planning & Zoning
multi residential buildings,Urban Planning & Zoning
multi unit buildings,Urban Planning & Zoning
multi unit dwellings,Urban Planning & Zoning
multi-residential apartment buildings,Urban Planning & Zoning
multi-residential buildings,Urban Planning & Zoning
multi-residential properties,Urban Planning & Zoning
multi-unit buildings,Urban Planning & Zoning
multi-unit dwellings,Urban Planning & Zoning
multi-unit residential buildings,Urban Planning & Zoning
multi-use trails,Parks & Green Spaces
municipal buildings,Construction & Infrastructure
municipal codes,Urban Planning & Zoning
municipal elections,Governance & City Hall
municipal facilities,Construction & Infrastructure
municipal flags,Governance & City Hall
municipal governance,Governance & City Hall
municipal governments,Governance & City Hall
municipal law,Governance & City Hall
municipal officials,Governance & City Hall
municipal solid waste,Waste Management
municipal taxes,"Budget, Taxes & Finance"
municipal transit authorities,Public Transportation
municipalities,Governance & City Hall
mural program,"Arts, Culture & Events"
museums (facilities),"Arts, Culture & Events"
music,"Arts, Culture & Events"
musicals,"Arts, Culture & Events"
name change,Governance & City Hall
native peoples,Equity
native plants,Climate
natural environment,Climate
natural garden care,Parks & Green Spaces
natural gardens,Parks & Green Spaces
natural gas,Climate
natural habitat,Climate
natural ice rinks,Sports & Recreation
natural lawn and garden care,Parks & Green Spaces
natural lawn care,Parks & Green Spaces
nature trails,Parks & Green Spaces
needle exchanges,Public Health
neighborhoods,Community & People
neighbourhood improvement areas,Community & People
neighbourhood profiles,Community & People
neighbourhoods,Community & People
neighbourhoods (planning),Urban Planning & Zoning
newcomers,Equity
news releases,Information & Libraries
night clubs,"Arts, Culture & Events"
night school (adult education),Community & People
no standing,Traffic
no stopping,Traffic
noise,Service Requests & Nuisance Complaints
noise complaints,Service Requests & Nuisance Complaints
noise control,Service Requests & Nuisance Complaints
noise exemption permits,Governance & City Hall
noise pollution,Service Requests & Nuisance Complaints
nomination,Governance & City Hall
non emergency municipal services,Service Requests & Nuisance Complaints
non profit housing,Housing & Homelessness
non-emergency city services,Service Requests & Nuisance Complaints
non-government organizations,Community & People
non-governmental organizations,Community & People
non-profit housing,Housing & Homelessness
notices of assessment,Governance & City Hall
nuisance animals,Animals & Wildlife
nursery schools,Children & Youth
nurses,Public Health
nursing facilities,Public Health
nursing homes,Seniors & Aging
objects in community and life,Community & People
objects in culture,"Arts, Culture & Events"
objects in health,Public Health
objects in property,Urban Planning & Zoning
objects in transportation,Public Transportation
odor,Service Requests & Nuisance Complaints
odors,Service Requests & Nuisance Complaints
odour,Service Requests & Nuisance Complaints
odours,Service Requests & Nuisance Complaints
odsp,Housing & Homelessness
off leash areas,Parks & Green Spaces
off leash parks,Parks & Green Spaces
off ramps (highways),Governance & City Hall
off-road paths (cycling),Biking
office of the mayor,Governance & City Hall
official languages,Governance & City Hall
official plan amendments,Urban Planning & Zoning
older adult programs,Seniors & Aging
older adults,Seniors & Aging
olympic bids,Governance & City Hall
olympics,Sports & Recreation
omb,Urban Planning & Zoning
ombudsman,Governance & City Hall
ombudspersons,Governance & City Hall
on street bike lanes,Biking
on the job training,City Employment
on-street permit parking,Urban Planning & Zoning
onboarding,City Employment
online libraries,Information & Libraries
ontario disability support program,Housing & Homelessness
open spaces,Urban Planning & Zoning
operating budgets,"Budget, Taxes & Finance"
operating licenses,Governance & City Hall
optometrists,Public Health
optometry services,Public Health
optomology services,Public Health
oral health,Public Health
organic gardening,Parks & Green Spaces
organic waste,Waste Management
organics (waste),Waste Management
organics collection,Waste Management
organics processing facilities,Waste Management
organizational structure,Governance & City Hall
organizations in community and life,Community & People
organizations in culture,"Arts, Culture & Events"
organizations in finance,"Budget, Taxes & Finance"
organizations in government,Governance & City Hall
organizations in health,Public Health
organizations in management,Governance & City Hall
organizations in planning and development,Urban Planning & Zoning
organizations in property,Urban Planning & Zoning
organizations in transportation,Public Transportation
outdoor art,"Arts, Culture & Events"
outdoor fires,Public Safety
outdoor pools,Sports & Recreation
outdoor sculptures,"Arts, Culture & Events"
outdoor statues,"Arts, Culture & Events"
outdoor swimming pools,Sports & Recreation
outpatient clinics,Public Health
outstanding charges,"Budget, Taxes & Finance"
overdue,"Budget, Taxes & Finance"
overpasses,Construction & Infrastructure
painting,"Arts, Culture & Events"
pandemics,Public Health
paper yard waste bags,Waste Management
paralympic games,Governance & City Hall
paramedics,Public Safety
park acquisition,Parks & Green Spaces
park equipment,Parks & Green Spaces
park maintenance,Parks & Green Spaces
parkettes,Parks & Green Spaces
parking authorities,"Budget, Taxes & Finance"
parking authority,"Budget, Taxes & Finance"
parking charges,"Budget, Taxes & Finance"
parking enforcement,"Budget, Taxes & Finance"
parking facilities,"Budget, Taxes & Finance"
parking fees,"Budget, Taxes & Finance"
parking fines,"Budget, Taxes & Finance"
parking infractions,Traffic
parking machines,"Budget, Taxes & Finance"
parking meters,"Budget, Taxes & Finance"
parking permits,"Budget, Taxes & Finance"
parking prohibitions,Traffic
parking rates,"Budget, Taxes & Finance"
parking violations,"Budget, Taxes & Finance"
parkland,Parks & Green Spaces
parkland dedication,Parks & Green Spaces
parks,Parks & Green Spaces
parks acquisitions,Parks & Green Spaces
parks and open space areas,Parks & Green Spaces
parks maintenance,Parks & Green Spaces
partnership cities,Governance & City Hall
parts of roads,Construction & Infrastructure
passengers,Public Transportation
past due,"Budget, Taxes & Finance"
patient care,Public Health
pavements,Construction & Infrastructure
pawnbrokers,Business & Economy
pay and display machines,"Budget, Taxes & Finance"
pay equity,Equity
pay scale,Equity
pay-and-display machines,"Budget, Taxes & Finance"
payment,"Budget, Taxes & Finance"
payment information,"Budget, Taxes & Finance"
payment methods,"Budget, Taxes & Finance"
payment options,"Budget, Taxes & Finance"
pedestrian crossover timing,Traffic
pedestrian infrastructure,Traffic
pedestrian islands,Traffic
pedestrian overpasses,Traffic
pedestrian push-buttons,Traffic
pedestrian pushbuttons,Traffic
pedestrian refuge islands,Traffic
pedestrian signals,Traffic
pedestrianization,Urban Planning & Zoning
pedestrians,Urban Planning & Zoning
pensions,Seniors & Aging
people in community and life,Community & People
people in culture,"Arts, Culture & Events"
people in employment and labour,Governance & City Hall
people in government,Governance & City Hall
people in management,Governance & City Hall
people in property,Urban Planning & Zoning
people in public safety and protection,Public Safety
people with disabilities,Accessibility
performance spaces,"Arts, Culture & Events"
performing arts,"Arts, Culture & Events"
performing arts centres,"Arts, Culture & Events"
performing arts facilities,"Arts, Culture & Events"
permanent memorials,"Arts, Culture & Events"
permit parking (disabled),Accessibility
permitted use requests,Urban Planning & Zoning
permitted uses,Urban Planning & Zoning
personal identification,Governance & City Hall
personal mobility aids,Accessibility
personal mobility devices,Accessibility
persons by age group,Children & Youth
persons who are homeless,Housing & Homelessness
persons with a disability,Accessibility
persons with disabilities,Accessibility
persons with special needs,Accessibility
pest management,Animals & Wildlife
pesticide free lawn care,Climate
pet identification tags,Pets
pet licences,Pets
pet licenses,Pets
pet microchips,Pets
pet registration,Pets
pet tags,Pets
pets,Pets
pharmaceutical industry,Business & Economy
photocopying,Information & Libraries
photographers,"Arts, Culture & Events"
photographs,"Arts, Culture & Events"
photography,"Arts, Culture & Events"
photos,"Arts, Culture & Events"
physical activity,Sports & Recreation
physical disabilities,Accessibility
physical fitness,Sports & Recreation
physically challenged,Accessibility
physically disabled,Accessibility
physically impaired,Accessibility
physicians,Public Health
pick-up hockey,Sports & Recreation
pickup of recyclables,Waste Management
pigeons,Animals & Wildlife
pigs,Animals & Wildlife
pizza parlours,Business & Economy
places of amusement,Sports & Recreation
planning,Urban Planning & Zoning
planning & development (sc),Urban Planning & Zoning
planning applications,Urban Planning & Zoning
planning approvals,Urban Planning & Zoning
planning development approvals,Urban Planning & Zoning
planning tribunals,Urban Planning & Zoning
plans (drawings),Urban Planning & Zoning
plans of subdivision,Urban Planning & Zoning
plant health care,Parks & Green Spaces
plant life,Parks & Green Spaces
planter boxes,Parks & Green Spaces
plants,Parks & Green Spaces
plaques,"Arts, Culture & Events"
plastic bags (waste),Waste Management
play apparatus,Sports & Recreation
play equipment,Sports & Recreation
play structures,Sports & Recreation
playground equipment,Sports & Recreation
playground structures,Sports & Recreation
playgrounds,Sports & Recreation
plays,"Arts, Culture & Events"
pleasure boats,Sports & Recreation
pleasure craft,Sports & Recreation
plumbing,Water & Sewers
poet laureates,"Arts, Culture & Events"
police,Public Safety
police boards,Public Safety
police facilities,Public Safety
police officers,Public Safety
police services,Public Safety
police services boards,Public Safety
policies,Governance & City Hall
policies and procedures,Governance & City Hall
policing,Public Safety
policy development,Governance & City Hall
policy making,Governance & City Hall
political and administrative areas,Governance & City Hall
political reference groups,Governance & City Hall
polling,Governance & City Hall
polls (elections),Governance & City Hall
polls (public opinion),Governance & City Hall
pollution,Climate
pollution prevention,Climate
pollution prevention planning,Climate
polystyrene (waste),Waste Management
ponds,Climate
pool enclosures,Urban Planning & Zoning
pools,Sports & Recreation
population,Public Health
port authorities,Business & Economy
ports,Business & Economy
post-graduate studies,Community & People
post-secondary education,Community & People
postering,"Arts, Culture & Events"
posters,"Arts, Culture & Events"
postgraduate studies,Community & People
postsecondary education,Community & People
pot holes,Construction & Infrastructure
potable water,Water & Sewers
potable water standards,Water & Sewers
pothole repairs,Construction & Infrastructure
potholes,Construction & Infrastructure
poultry,Animals & Wildlife
poverty reduction consultation,Community & People
power assisted bicycles,Biking
power failures,Toronto Hydro & Utilities
power outages,Toronto Hydro & Utilities
power plants,Toronto Hydro & Utilities
power skating,Sports & Recreation
power stations,Toronto Hydro & Utilities
power utilties,Toronto Hydro & Utilities
power-assisted bicycles,Biking
powerskate,Toronto Hydro & Utilities
pre-authorized payment plans,"Budget, Taxes & Finance"
pre-school education,Children & Youth
preauthorized payments,"Budget, Taxes & Finance"
preschool education,Children & Youth
preschool learning,Children & Youth
pretimed controllers,Traffic
pretimed signals,Traffic
prevention,Public Health
print media,Information & Libraries
priority communities,Urban Planning & Zoning
priority neighbourhoods,Urban Planning & Zoning
private owned trees,Climate
private trees,Climate
privately owned properties,Urban Planning & Zoning
privately owned property,Urban Planning & Zoning
privately owned trees,Climate
privately-owned trees,Climate
procedural bylaws,Governance & City Hall
proclamations,Governance & City Hall
professional development,City Employment
professional sports,Sports & Recreation
prohibited animals,Animals & Wildlife
project schedules,Construction & Infrastructure
projects,Construction & Infrastructure
promotion (communication),Information & Libraries
promotional space booking,"Arts, Culture & Events"
properties (real estate),Urban Planning & Zoning
property,Urban Planning & Zoning
property (sc),Urban Planning & Zoning
property acquisition,Urban Planning & Zoning
property acquisitions,Urban Planning & Zoning
property assessment,Urban Planning & Zoning
property assessment notices,Urban Planning & Zoning
property boundaries,Urban Planning & Zoning
property lines,Urban Planning & Zoning
property maintenance,Urban Planning & Zoning
property numbers,Urban Planning & Zoning
property owners,Urban Planning & Zoning
property ownership,Urban Planning & Zoning
property reassessment,Urban Planning & Zoning
property standards,Urban Planning & Zoning
property surveys,Urban Planning & Zoning
property tax accounts,"Budget, Taxes & Finance"
property tax bills,"Budget, Taxes & Finance"
property tax rates,"Budget, Taxes & Finance"
property taxes,Governance & City Hall
property value assessment,Governance & City Hall
protective clothing,Public Safety
protective devices,Public Safety
protective equipment,Public Safety
protest marches,Governance & City Hall
protests,Governance & City Hall
protocol,Governance & City Hall
provincial governments,Governance & City Hall
provincial legislation,Governance & City Hall
provincial offences,Governance & City Hall
provincial-municipal relations,Governance & City Hall
psas,Public Health
psychiatric treatment,Public Health
public access defibrillators,Public Health
public appointments,Governance & City Hall
public art,"Arts, Culture & Events"
public buildings,Construction & Infrastructure
public consultation,Community & People
public golf,Sports & Recreation
public health,Public Health
public health emergency,Public Health
public health inspectors,Public Health
public hearing,Governance & City Hall
public housing,Housing & Homelessness
public inquiries,Information & Libraries
public involvement,Community & People
public libraries,Information & Libraries
public library boards,Information & Libraries
public meetings,Community & People
public opinion polls,Governance & City Hall
public outreach,Community & People
public owned trees,Climate
public participation,Community & People
public pools,Sports & Recreation
public property,Urban Planning & Zoning
public safety,Public Safety
public safety & protection (sc),Public Safety
public schools,Community & People
public sector buildings,Construction & Infrastructure
public spaces,Parks & Green Spaces
public squares,"Arts, Culture & Events"
public streets,Construction & Infrastructure
public transit,Public Transportation
public transit authorities,Public Transportation
public transport,Public Transportation
public transportation,Public Transportation
public transportation organizations,Public Transportation
publications,Information & Libraries
publicity,Information & Libraries
publicly owned trees,Climate
pumping stations,Water & Sewers
pyschiatry,Public Health
quadracycle rentals,Biking
quality of life,Community & People
queer,Equity
raccoons,Animals & Wildlife
race,Equity
racial discrimination,Equity
racial minorities,Equity
racism,Equity
rail corridors,Public Transportation
rail fares,Public Transportation
rail rights of way,Public Transportation
rail schedules,Public Transportation
rail transportation,Public Transportation
railroad stations,Public Transportation
railroads,Public Transportation
railway crossings,Public Transportation
railway transport,Public Transportation
railway transportation,Public Transportation
railways,Public Transportation
rain,Climate
rainfall,Climate
rats,Animals & Wildlife
ravine bylaws,Parks & Green Spaces
ravine protection,Climate
ravine protection areas,Urban Planning & Zoning
ravine protection bylaws,Governance & City Hall
ravines,Parks & Green Spaces
re-zoning,Urban Planning & Zoning
real estate,Urban Planning & Zoning
rec centers,Sports & Recreation
rec centres,Sports & Recreation
reconstruction,Construction & Infrastructure
records,Information & Libraries
recreation & tourism (sc),Sports & Recreation
recreation centers,Sports & Recreation
recreation centres,Sports & Recreation
recreation facilities,Sports & Recreation
recreation policies,Sports & Recreation
recreation programs,Sports & Recreation
recreation registration,Sports & Recreation
recreational amenities,Sports & Recreation
recreational facilities,Sports & Recreation
recreational organizations,Sports & Recreation
recreational programs,Sports & Recreation
recreational programs for people with special needs,Sports & Recreation
recreational programs for the disabled,Governance & City Hall
recreational subsidies,Sports & Recreation
recreational swimming,Sports & Recreation
recreational trails,Biking
recreational watercraft,Sports & Recreation
recruitment,City Employment
recyclables,Waste Management
recyclables collection,Waste Management
recycling,Waste Management
recycling bins,Waste Management
recycling boxes,Waste Management
recycling collection,Waste Management
recycling containers,Waste Management
recycling pickup,Waste Management
recycling plants,Waste Management
red light cameras,Traffic
red light monitoring,Traffic
redevelopment,Urban Planning & Zoning
reduce reuse recycle,Waste Management
reforestation,Climate
refugees,Equity
refund,"Budget, Taxes & Finance"
refuse,Waste Management
regional governments,Governance & City Hall
regional municipalities,Governance & City Hall
regional planning,Urban Planning & Zoning
regional storms,Climate
regional transit authorities,Public Transportation
regional transportation agencies,Public Transportation
regional transportation authorities,Governance & City Hall
regulations,Urban Planning & Zoning
rehabilitation (property),Urban Planning & Zoning
reimbursement,"Budget, Taxes & Finance"
religious communities,Community & People
remote water meters,Water & Sewers
renewable energy,Toronto Hydro & Utilities
rent,Housing & Homelessness
rent geared to income assistance,Housing & Homelessness
rent geared to income housing,Housing & Homelessness
rent reduction,Housing & Homelessness
rent subsidies,Housing & Homelessness
rent supplement,Housing & Homelessness
rental housing,Housing & Homelessness
rental properties,Housing & Homelessness
rental units,Housing & Homelessness
rentals,Housing & Homelessness
renters,Housing & Homelessness
repairs,Construction & Infrastructure
reportable diseases,Public Health
reporting relationship,Governance & City Hall
reporting structure,Governance & City Hall
request for disclosure,Information & Libraries
request for information,Information & Libraries
rescue operations,Public Safety
researchers,Information & Libraries
reserve funds,"Budget, Taxes & Finance"
reserves and reserve funds,"Budget, Taxes & Finance"
residences,Housing & Homelessness
residential fastrack service,Urban Planning & Zoning
residential multi unit dwellings,Urban Planning & Zoning
residential multi-unit dwellings,Urban Planning & Zoning
residential properties,Urban Planning & Zoning
residential real estate,Urban Planning & Zoning
residential waste,Waste Management
residential water rate,Water & Sewers
residual solid waste,Waste Management
residual waste,Waste Management
resorts,Sports & Recreation
restaurants,Business & Economy
restaurants (businesses),Business & Economy
restoration,Urban Planning & Zoning
restricted animals,Animals & Wildlife
retail areas,Urban Planning & Zoning
retail space,Business & Economy
retail stores,Business & Economy
retaining walls,Construction & Infrastructure
retirement,Seniors & Aging
retirement homes,Seniors & Aging
retirement housing,Seniors & Aging
retrofits,Construction & Infrastructure
reurbanization,Urban Planning & Zoning
revenue generation,"Budget, Taxes & Finance"
revenue tools,"Budget, Taxes & Finance"
revitalization,Urban Planning & Zoning
rezoning,Urban Planning & Zoning
rickshaws,"Arts, Culture & Events"
ridership,Public Transportation
riding rings,Sports & Recreation
riding stables,Sports & Recreation
riding trails,Biking
ridings,Governance & City Hall
rifle clubs,Sports & Recreation
rinks,Sports & Recreation
road alterations,Construction & Infrastructure
road closures,Traffic
road conditions,Traffic
road construction,Construction & Infrastructure
road fatalities,Public Safety
road infrastructure,Construction & Infrastructure
road maintenance,Construction & Infrastructure
road management,Construction & Infrastructure
road markings,Construction & Infrastructure
road narrowing,Traffic
road reconstruction,Construction & Infrastructure
road repairs,Construction & Infrastructure
road restrictions,Traffic
road resurfacing,Construction & Infrastructure
road services,Public Transportation
road transportation,Public Transportation
road widening,Construction & Infrastructure
roads maintenance,Construction & Infrastructure
roadside repair,Construction & Infrastructure
rodents,Animals & Wildlife
room rental,Housing & Homelessness
rooming houses,Housing & Homelessness
rules in finance,Business & Economy
rules in planning and development,Urban Planning & Zoning
rules in public safety and protection,Public Safety
rules in recreation and tourism,Sports & Recreation
rules in transportation,Public Transportation
safer crack kits,Public Health
safer crack smoking materials,Public Health
safer injection,Public Health
salary,Equity
sales of land,Urban Planning & Zoning
sales of property,Governance & City Hall
sanitary sewage,Water & Sewers
sanitary sewer systems,Water & Sewers
sanitary sewers,Water & Sewers
school break camps,Sports & Recreation
school buses,Children & Youth
school classrooms,Children & Youth
school gymnasiums,Sports & Recreation
school trustees,Governance & City Hall
school zone review,Children & Youth
schools,Children & Youth
scramble light,Traffic
scramble phase,Traffic
sculpture gardens,"Arts, Culture & Events"
seagulls,Animals & Wildlife
search and rescue,Public Safety
second hand shops,Business & Economy
second suites,Urban Planning & Zoning
semi-actuated signals,Traffic
senior citizens,Seniors & Aging
senior programs,Seniors & Aging
seniors,Seniors & Aging
seniors classes,Seniors & Aging
seniors housing,Seniors & Aging
service awards,City Employment
service charges,"Budget, Taxes & Finance"
service delivery,Public Health
sewage,Water & Sewers
sewage systems,Water & Sewers
sewage treatment,Water & Sewers
sewage treatment plants,Water & Sewers
sewer and water infrastructure,Water & Sewers
sewer and water services,Water & Sewers
sewer connections,Water & Sewers
sewer gases,Water & Sewers
sewer mains,Water & Sewers
sewer service connections,Water & Sewers
sewer service lines,Water & Sewers
sewer systems,Water & Sewers
sewer use bylaws,Governance & City Hall
sewerage,Water & Sewers
sewers,Water & Sewers
sex,Equity
sex and gender,Equity
sexual orientation,Equity
shelters for women,Housing & Homelessness
shinny,Sports & Recreation
shinny hockey,Sports & Recreation
shopping,Business & Economy
shops,Business & Economy
short-term housing,Housing & Homelessness
shots,Public Health
sick animals,Animals & Wildlife
sidewalk cafes,Business & Economy
sidewalk maintenance,Construction & Infrastructure
sidewalk plows,Construction & Infrastructure
sidewalk repairs,Construction & Infrastructure
sidewalk replacement,Construction & Infrastructure
sidewalk snow plows,Construction & Infrastructure
sidewalks,Construction & Infrastructure
sidewalks maintenance,Construction & Infrastructure
sign variances,Urban Planning & Zoning
signal timing,Traffic
signalised intersections,Traffic
signalized intersections,Traffic
signing authorities,Governance & City Hall
single family dwellings,Urban Planning & Zoning
single family homes,Urban Planning & Zoning
single family residences,Urban Planning & Zoning
single space meters,Urban Planning & Zoning
single stream recyclable materials,Waste Management
single-stream recycling facilities,Waste Management
sink holes,Traffic
sinkholes,Traffic
sister city relationships,Governance & City Hall
site plan control,Urban Planning & Zoning
site remediation,Urban Planning & Zoning
skate boards,Sports & Recreation
skate parks,Sports & Recreation
skateboard parks,Sports & Recreation
skateboarding,Sports & Recreation
skateboards,Sports & Recreation
skating rinks,Sports & Recreation
ski centers,Sports & Recreation
ski centres,Sports & Recreation
ski facilities,Sports & Recreation
ski hills,Sports & Recreation
ski trails,Sports & Recreation
skiing,Sports & Recreation
skiing centres,Sports & Recreation
skunks,Animals & Wildlife
sleeping policemen,Service Requests & Nuisance Complaints
slo-pitch leagues,Sports & Recreation
slogans,"Arts, Culture & Events"
small businesses,Business & Economy
smell,Service Requests & Nuisance Complaints
smells,Service Requests & Nuisance Complaints
smoke alarms,Governance & City Hall
smoke detectors,Governance & City Hall
snakes,Animals & Wildlife
snow,Construction & Infrastructure
snow clean-up,Construction & Infrastructure
snow clearing,Construction & Infrastructure
snow emergency,Construction & Infrastructure
snow management,Construction & Infrastructure
snow ploughing,Construction & Infrastructure
snow ploughs,Construction & Infrastructure
snow plowing,Construction & Infrastructure
snow plows,Construction & Infrastructure
snow removal,Construction & Infrastructure
snowboarding,Sports & Recreation
snowplows,Construction & Infrastructure
soccer,Sports & Recreation
soccer clubs,Sports & Recreation
soccer leagues,Sports & Recreation
social development,Children & Youth
social housing,Housing & Homelessness
social media,Information & Libraries
softball associations,Sports & Recreation
softball leagues,Sports & Recreation
solid waste,Waste Management
solid waste management,Waste Management
solid waste management fees,"Budget, Taxes & Finance"
solid waste management planning,Waste Management
special mobility services,Accessibility
special needs,Accessibility
special needs housing,Accessibility
speed bumps,Traffic
speed humps,Traffic
speed limits,Traffic
speeding tickets,"Budget, Taxes & Finance"
spills of hazardous material,Climate
spirituality,Community & People
splash and spray pads,Parks & Green Spaces
splash pads,Parks & Green Spaces
sporting events,Sports & Recreation
sports,Sports & Recreation
sports clubs,Sports & Recreation
sports equipment,Sports & Recreation
sports facilities,Sports & Recreation
sports programs,Sports & Recreation
sports stadiums,Sports & Recreation
sports tournaments,Sports & Recreation
sports venues,Sports & Recreation
spring break camps,Children & Youth
spring break programs,Children & Youth
squirrels,Animals & Wildlife
stables,Sports & Recreation
stadiums,Sports & Recreation
staff,City Employment
staff development,City Employment
staff directories,City Employment
staff discounts,City Employment
staff orientation,City Employment
staff training,City Employment
standards of behavior,Governance & City Hall
standards of behaviour,Governance & City Hall
standing committees,Governance & City Hall
standing policy committees,Governance & City Hall
starlings,Animals & Wildlife
state of the environment,Climate
stations,Public Transportation
stop signs,Traffic
stops (public transportation),Public Transportation
stores,Business & Economy
storm damage,Water & Sewers
storm drainage,Water & Sewers
storm drainage systems,Water & Sewers
storm sewers,Water & Sewers
storm water,Water & Sewers
storm water management,Water & Sewers
storms,Climate
stormwater,Climate
stormwater management,Water & Sewers
stormwater runoff,Water & Sewers
stormwater sewers,Water & Sewers
stray animals,Animals & Wildlife
stray pets,Pets
street closures,Traffic
street lighting,Construction & Infrastructure
street lights,Construction & Infrastructure
street names,Governance & City Hall
street naming,Governance & City Hall
street poles,Toronto Hydro & Utilities
street vending,Governance & City Hall
street-cars,Public Transportation
streetcar routes,Public Transportation
streetcar stops,Public Transportation
streetcars,Public Transportation
streetlights,Construction & Infrastructure
streetscape improvement program,Urban Planning & Zoning
streetscapes,Urban Planning & Zoning
strikes,City Employment
students,Community & People
styrofoam (waste),Waste Management
sub-committees,Governance & City Hall
subcommittees,Governance & City Hall
subdivision (land),Urban Planning & Zoning
subdivision (wards),Urban Planning & Zoning
subdivision of land,Urban Planning & Zoning
submissions to committee,Urban Planning & Zoning
subsidies,"Budget, Taxes & Finance"
subsidies and grants,"Budget, Taxes & Finance"
subsidized housing,Housing & Homelessness
subsidized rent,Housing & Homelessness
subsidized units,Housing & Homelessness
subsidy and grant programs,"Budget, Taxes & Finance"
substance abuse,Public Health
subway routes,Public Transportation
subway stations,Public Transportation
subway trains,Public Transportation
subways,Public Transportation
suicide,Public Health
suicide barriers,Public Health
summer camps,Children & Youth
summer day camps,Children & Youth
summer maintenance,Parks & Green Spaces
summerlicious,"Arts, Culture & Events"
supported housing,Housing & Homelessness
supportive housing,Housing & Homelessness
surface routes,Traffic
surface transit,Public Transportation
surveys (maps),Information & Libraries
surveys (research),Information & Libraries
survival kits,Public Health
sustainability,Climate
sustainability groups,Climate
sustainable cities,Urban Planning & Zoning
sustainable design,Urban Planning & Zoning
sustainable development,Urban Planning & Zoning
sustainable development standards,Urban Planning & Zoning
sustainable transportation,Public Transportation
swamps,Climate
swim clubs,Sports & Recreation
swim policy,Sports & Recreation
swim ratio policy,Sports & Recreation
swimming,Sports & Recreation
swimming lessons,Sports & Recreation
swimming pools,Sports & Recreation
swimming programs,Sports & Recreation
tall buildings,Urban Planning & Zoning
tandem rentals,Biking
tap water,Water & Sewers
tax accounts,"Budget, Taxes & Finance"
tax apportionment,"Budget, Taxes & Finance"
tax assistance,"Budget, Taxes & Finance"
tax credit,"Budget, Taxes & Finance"
tax decrease,"Budget, Taxes & Finance"
tax increase,"Budget, Taxes & Finance"
tax rebate,"Budget, Taxes & Finance"
tax reduction,"Budget, Taxes & Finance"
tax refunds,"Budget, Taxes & Finance"
tax relief,"Budget, Taxes & Finance"
taxation,"Budget, Taxes & Finance"
taxes,"Budget, Taxes & Finance"
taxi stands,Traffic
taxicabs,Traffic
taxis,Traffic
taxpayers,"Budget, Taxes & Finance"
telecommunication infrastructure,Construction & Infrastructure
telecommunication systems,Construction & Infrastructure
telecommunications,Construction & Infrastructure
telephone hotlines,Public Health
temperature,Climate
temporary highway closings,Traffic
tenancy agreements,Housing & Homelessness
tenancy legislation,Housing & Homelessness
tenancy letters,Housing & Homelessness
tenant organizations,Housing & Homelessness
tenants,Housing & Homelessness
tennis,Sports & Recreation
tennis centers,Sports & Recreation
tennis centres,Sports & Recreation
tennis clubs,Sports & Recreation
tennis complexes,Sports & Recreation
tennis courts,Sports & Recreation
tennis facilities,Sports & Recreation
tent cities,Housing & Homelessness
terminal stations,Public Transportation
terminals,Public Transportation
termination of employment,City Employment
the ex,"Arts, Culture & Events"
the physically disabled,Accessibility
theatres (facilities),"Arts, Culture & Events"
theatrical performances,"Arts, Culture & Events"
theatrical productions,"Arts, Culture & Events"
therapeutics,Public Health
therapy,Public Health
toronto green standards,Urban Planning & Zoning
toronto transit commission,Public Transportation
toronto urban development corporation,Urban Planning & Zoning
tourism,"Arts, Culture & Events"
tourism knowledge,"Arts, Culture & Events"
tourist accommodation,"Arts, Culture & Events"
tourist attractions,"Arts, Culture & Events"
tourist sites,"Arts, Culture & Events"
tourists,"Arts, Culture & Events"
tournaments,Sports & Recreation
towing,Traffic
townhouses,Urban Planning & Zoning
toxic dumping,Climate
toxic spills,Climate
toy drive,Children & Youth
trade associations,Business & Economy
trade centers,Business & Economy
trade centres,Business & Economy
trade shows,Business & Economy
traffic,Traffic
traffic accidents,Traffic
traffic actuated signals,Traffic
traffic calming,Traffic
traffic calming devices,Traffic
traffic calming measures,Traffic
traffic calming methods,Traffic
traffic cameras,Traffic
traffic casualties,Public Safety
traffic conditions,Traffic
traffic control,Traffic
traffic control signals,Traffic
traffic control systems,Traffic
traffic counts,Traffic
traffic data,Traffic
traffic direction,Traffic
traffic fatalities,Public Safety
traffic flow,Traffic
traffic information,Traffic
traffic lanes,Biking
traffic light poles,Traffic
traffic light timing,Traffic
traffic lights,Traffic
traffic management,Traffic
traffic measurement,Traffic
traffic monitoring,Traffic
traffic noise,Service Requests & Nuisance Complaints
traffic operations,Traffic
traffic regulations,Traffic
traffic regulatory signs,Traffic
traffic restrictions,Traffic
traffic signal control systems,Traffic
traffic signal equipment,Traffic
traffic signal operations,Traffic
traffic signal phases,Traffic
traffic signal synchronization,Traffic
traffic signal timing,Traffic
traffic signals,Traffic
traffic signs,Traffic
traffic speed,Traffic
traffic studies,Traffic
traffic violations,Traffic
traffic volume,Traffic
traffic-actuated controller,Traffic
trail networks,Biking
trail systems,Biking
trails,Parks & Green Spaces
trails (roads),Biking
train stations,Public Transportation
training and development at work,City Employment
trains,Public Transportation
transexual,Equity
transfers,Public Transportation
transgender,Equity
transgendered,Equity
transit,Public Transportation
transit accidents,Public Transportation
transit agencies,Public Transportation
transit fares,Public Transportation
transit maps,Public Transportation
transit networks,Public Transportation
transit operating agencies,Public Transportation
transit passes,Public Transportation
transit routes,Public Transportation
transit schedules,Public Transportation
transit services,Public Transportation
transit shelters,Public Transportation
transit smart cards,Public Transportation
transit stops,Public Transportation
transit tickets,Public Transportation
transit tokens,Public Transportation
transit vehicles,Public Transportation
transitional housing,Housing & Homelessness
translators,Urban Planning & Zoning
translators and interpreters,"Arts, Culture & Events"
transportation,Public Transportation
transportation (sc),Public Transportation
transportation equipment,Public Transportation
transportation equipment conditions,Public Transportation
transportation fares,Public Transportation
transportation infrastructure,Public Transportation
transportation infrastructure management,Public Transportation
transportation management,Public Transportation
transportation monitoring,Public Transportation
transportation network,Public Transportation
transportation networks,Public Transportation
transportation operations,Public Transportation
transportation organizations,Public Transportation
transportation planning,Public Transportation
transportation projects,Public Transportation
transportation research,Public Transportation
transportation schedules,Public Transportation
transportation services,Public Transportation
trash,Waste Management
treatment plants,Water & Sewers
tree advocacy,Climate
tree cover,Urban Planning & Zoning
tree health,Climate
tree maintenance,Climate
tree planting,Climate
tree protection,Climate
tree removal,Climate
trees,Climate
trees on private property,Urban Planning & Zoning
trees on public property,Climate
trip info,Public Transportation
tripinfo,Public Transportation
trucks,Construction & Infrastructure
trunk sewers,Water & Sewers
ttc,Public Transportation
ttc maps,Public Transportation
turf maintenance,Parks & Green Spaces
turkeys,Animals & Wildlife
twin cities,Governance & City Hall
twin city alliances,Governance & City Hall
two spirited,Equity
two way streets,Traffic
unclaimed deposits,"Budget, Taxes & Finance"
underground,Public Transportation
underground irrigation,Climate
underground service networks,Public Transportation
underground utilities,Toronto Hydro & Utilities
union-management relations,City Employment
unions,City Employment
universal design,Accessibility
unnecessary idling,Climate
unpaid balances,"Budget, Taxes & Finance"
unpaid bills,"Budget, Taxes & Finance"
urban beautification,Urban Planning & Zoning
urban design,Urban Planning & Zoning
urban development corporations,Urban Planning & Zoning
urban forest,Climate
urban forestry,Climate
urban form,Urban Planning & Zoning
urban landscape,Urban Planning & Zoning
urban night lighting,Urban Planning & Zoning
urban planning,Urban Planning & Zoning
urban planning districts,Urban Planning & Zoning
urban planning services consulting firms,Urban Planning & Zoning
urban transit systems,Public Transportation
urban transportation,Public Transportation
urbanization,Urban Planning & Zoning
user charges,"Budget, Taxes & Finance"
user fees,"Budget, Taxes & Finance"
utilities,Toronto Hydro & Utilities
utility corridors,Urban Planning & Zoning
utility poles,Toronto Hydro & Utilities
vacancies (jobs),City Employment
vacant buildings,Urban Planning & Zoning
vacant space,Urban Planning & Zoning
vacant units,Governance & City Hall
vaccinations,Public Health
vaccines,Public Health
valley and stream corridors,Climate
variance,Urban Planning & Zoning
variety stores,Business & Economy
vendors,Business & Economy
venture capital,Business & Economy
vermin,Animals & Wildlife
vessels,Public Transportation
victims,Public Safety
video recordings,Information & Libraries
videography,"Arts, Culture & Events"
videorecordings,Information & Libraries
videos,Information & Libraries
videotapes,Information & Libraries
violence,Public Safety
visible minorities,Equity
volleyball clubs,Sports & Recreation
volunteer groups,Community & People
volunteering,Community & People
volunteers,Community & People
voting,Governance & City Hall
voting reform,Governance & City Hall
voting subdivisions,Governance & City Hall
voting system reform,Governance & City Hall
wage rate,Equity
wages,Equity
walkway maintenance,Construction & Infrastructure
walkway repair,Construction & Infrastructure
walkways,Construction & Infrastructure
war veterans,Seniors & Aging
ward profiles,Governance & City Hall
wards,Governance & City Hall
warming centres,Housing & Homelessness
washrooms,Public Health
waste,Waste Management
waste (fraud),Governance & City Hall
waste collection,Waste Management
waste depots,Waste Management
waste disposal,Waste Management
waste diversion,Waste Management
waste management,Waste Management
waste management equipment,Waste Management
waste management facilities,Waste Management
waste management infrastructure,Waste Management
waste processing,Waste Management
waste transfer facilities,Waste Management
waste water,Water & Sewers
waste water treatment,Water & Sewers
waste water treatment plants,Water & Sewers
wastewater,Water & Sewers
wastewater collection systems,Water & Sewers
wastewater management,Water & Sewers
wastewater treatment,Water & Sewers
wastewater treatment plants,Water & Sewers
water,Water & Sewers
water accounts,Water & Sewers
water and sewer infrastructure,Water & Sewers
water bills,"Budget, Taxes & Finance"
water collection systems,Water & Sewers
water conservation,Climate
water consumption,Water & Sewers
water delivery,Water & Sewers
water distribution,Water & Sewers
water distribution systems,Water & Sewers
water efficiency,Water & Sewers
water efficient plants,Water & Sewers
water filtration,Water & Sewers
water filtration plants,Water & Sewers
water hook-up,Water & Sewers
water installation,Water & Sewers
water laboratories,Water & Sewers
water labs,Water & Sewers
water mains,Water & Sewers
water management equipment,Water & Sewers
water management systems,Water & Sewers
water meter readers,Water & Sewers
water meter readings,Water & Sewers
water meters,Water & Sewers
water odor,Water & Sewers
water odour,Water & Sewers
water parks,Sports & Recreation
water pipes,Water & Sewers
water pollution,Climate
water pumping systems,Water & Sewers
water purification,Water & Sewers
water quality,Water & Sewers
water quality laboratories,Water & Sewers
water quality reports,Water & Sewers
water rates,Water & Sewers
water readings,Water & Sewers
water rebate program,"Budget, Taxes & Finance"
water reservoirs,Water & Sewers
water restrictions,Water & Sewers
water service,Water & Sewers
water service connections,Water & Sewers
water service repair programs,Water & Sewers
water shut off,Water & Sewers
water shut-off,Water & Sewers
water smell,Water & Sewers
water storage systems,Water & Sewers
water supply,Water & Sewers
water supply systems,Water & Sewers
water taxis,Public Transportation
water testing,Water & Sewers
water that smells funny,Water & Sewers
water transmission systems,Water & Sewers
water transport,Public Transportation
water transportation,Public Transportation
water treatment,Water & Sewers
water treatment and supply plants,Water & Sewers
water treatment facilities,Water & Sewers
water treatment plants,Water & Sewers
water turn off,Water & Sewers
water turn on,Water & Sewers
water use policies,Water & Sewers
waterfront trail,Sports & Recreation
waterfronts,Urban Planning & Zoning
watermain connections,Water & Sewers
watermains,Water & Sewers
watersaver programs,Water & Sewers
watersheds,Climate
weather,Climate
weather conditions,Climate
websites,Information & Libraries
weeds,Parks & Green Spaces
weeds and tall grass,Parks & Green Spaces
well water testing,Water & Sewers
wellbeing measurement,Public Health
wellbeing toronto,Public Health
wetlands,Climate
wheel trans,Public Transportation
wheelchair accessible,Accessibility
wheelchair ramps,Accessibility
wheeltrans,Public Transportation
wild animals,Animals & Wildlife
wildlife,Animals & Wildlife
wind energy,Toronto Hydro & Utilities
wind power,Toronto Hydro & Utilities
winter maintenance,Construction & Infrastructure
winterlicious,"Arts, Culture & Events"
women,Equity
wood,Climate
workforce,City Employment
workplace training and development,City Employment
yard rubbish,Waste Management
yard waste,Waste Management
yard waste bins,Waste Management
yard waste collection,Waste Management
yard waste containers,Waste Management
yard waste pickup,Waste Management
years of service,City Employment
years of service awards,City Employment
youth,Children & Youth
youth at risk,Children & Youth
youth justice,Children & Youth
youth programs,Children & Youth
zero footprint cities,Climate
zerofootprint cities,Climate
zoning,Urban Planning & Zoning
zoning by-law amendment applications,Urban Planning & Zoning
zoning by-laws,Urban Planning & Zoning
zoning bylaw amendments,Urban Planning & Zoning
zoning bylaw project,Urban Planning & Zoning
zoning bylaws,Urban Planning & Zoning
zoning designations,Urban Planning & Zoning
zoning project,Urban Planning & Zoning
zoo animals,Animals & Wildlife
zoos,Animals & Wildlife
